dmun_municipio,dte_id_formatado,Quantidade_Tuberculose
Abadia de Goiás,Agosto De 2022,1
Abadia de Goiás,Fevereiro De 2024,1
Abadia de Goiás,Maio De 2023,1
Abadia de Goiás,Novembro De 2021,1
Abadia de Goiás,Novembro De 2023,1
Abadia de Goiás,Outubro De 2023,1
Abadia de Goiás,Setembro De 2023,3
Abadiânia,Abril De 2022,2
Abadiânia,Agosto De 2022,1
Abadiânia,Julho De 2022,2
Abadiânia,Junho De 2022,2
Abadiânia,Maio De 2022,1
Abadiânia,Maio De 2023,1
Abadiânia,Março De 2022,1
Abadiânia,Novembro De 2022,1
Abadiânia,Setembro De 2021,1
Acreúna,Abril De 2022,1
Acreúna,Agosto De 2022,1
Acreúna,Agosto De 2023,1
Acreúna,Janeiro De 2021,1
Acreúna,Janeiro De 2023,1
Adelândia,Dezembro De 2021,1
Adelândia,Janeiro De 2024,1
Alexânia,Agosto De 2022,1
Alexânia,Dezembro De 2021,2
Alexânia,Fevereiro De 2024,1
Alexânia,Janeiro De 2023,1
Alexânia,Julho De 2023,1
Alexânia,Junho De 2023,1
Alexânia,Maio De 2024,1
Alexânia,Março De 2024,1
Alexânia,Outubro De 2023,1
Alto Horizonte,Julho De 2023,1
Alto Horizonte,Junho De 2022,1
Alto Horizonte,Setembro De 2023,1
Alto Paraíso de Goiás,Dezembro De 2021,2
Alto Paraíso de Goiás,Fevereiro De 2023,1
Alto Paraíso de Goiás,Julho De 2021,1
Alvorada do Norte,Abril De 2021,1
Alvorada do Norte,Junho De 2021,1
Alvorada do Norte,Março De 2022,1
Alvorada do Norte,Março De 2023,1
Amaralina,Fevereiro De 2024,1
Amaralina,Junho De 2022,1
Americano do Brasil,Março De 2023,1
Anicuns,Abril De 2023,1
Anicuns,Agosto De 2023,1
Anicuns,Janeiro De 2023,1
Anicuns,Julho De 2023,1
Anápolis,Abril De 2021,6
Anápolis,Abril De 2022,5
Anápolis,Abril De 2023,1
Anápolis,Abril De 2024,2
Anápolis,Agosto De 2021,3
Anápolis,Agosto De 2022,7
Anápolis,Agosto De 2023,3
Anápolis,Dezembro De 2021,2
Anápolis,Dezembro De 2023,6
Anápolis,Fevereiro De 2021,1
Anápolis,Fevereiro De 2022,5
Anápolis,Fevereiro De 2023,6
Anápolis,Fevereiro De 2024,2
Anápolis,Janeiro De 2021,5
Anápolis,Janeiro De 2022,2
Anápolis,Janeiro De 2023,6
Anápolis,Julho De 2021,2
Anápolis,Julho De 2022,4
Anápolis,Julho De 2023,4
Anápolis,Junho De 2021,4
Anápolis,Junho De 2023,5
Anápolis,Junho De 2024,1
Anápolis,Maio De 2021,1
Anápolis,Maio De 2022,2
Anápolis,Maio De 2023,6
Anápolis,Maio De 2024,3
Anápolis,Março De 2021,2
Anápolis,Março De 2022,2
Anápolis,Março De 2023,1
Anápolis,Novembro De 2021,3
Anápolis,Novembro De 2022,2
Anápolis,Novembro De 2023,1
Anápolis,Outubro De 2021,6
Anápolis,Outubro De 2022,1
Anápolis,Outubro De 2023,1
Anápolis,Setembro De 2021,2
Anápolis,Setembro De 2022,10
Anápolis,Setembro De 2023,3
Aparecida de Goiânia,Abril De 2021,8
Aparecida de Goiânia,Abril De 2022,11
Aparecida de Goiânia,Abril De 2023,7
Aparecida de Goiânia,Abril De 2024,5
Aparecida de Goiânia,Agosto De 2021,7
Aparecida de Goiânia,Agosto De 2022,11
Aparecida de Goiânia,Agosto De 2023,13
Aparecida de Goiânia,Dezembro De 2021,12
Aparecida de Goiânia,Dezembro De 2022,12
Aparecida de Goiânia,Dezembro De 2023,10
Aparecida de Goiânia,Fevereiro De 2021,15
Aparecida de Goiânia,Fevereiro De 2022,12
Aparecida de Goiânia,Fevereiro De 2023,10
Aparecida de Goiânia,Fevereiro De 2024,9
Aparecida de Goiânia,Janeiro De 2021,14
Aparecida de Goiânia,Janeiro De 2022,8
Aparecida de Goiânia,Janeiro De 2023,13
Aparecida de Goiânia,Janeiro De 2024,14
Aparecida de Goiânia,Julho De 2021,13
Aparecida de Goiânia,Julho De 2022,15
Aparecida de Goiânia,Julho De 2023,11
Aparecida de Goiânia,Junho De 2021,17
Aparecida de Goiânia,Junho De 2022,13
Aparecida de Goiânia,Junho De 2023,11
Aparecida de Goiânia,Junho De 2024,9
Aparecida de Goiânia,Maio De 2021,14
Aparecida de Goiânia,Maio De 2022,11
Aparecida de Goiânia,Maio De 2023,22
Aparecida de Goiânia,Maio De 2024,14
Aparecida de Goiânia,Março De 2021,14
Aparecida de Goiânia,Março De 2022,14
Aparecida de Goiânia,Março De 2023,11
Aparecida de Goiânia,Março De 2024,15
Aparecida de Goiânia,Novembro De 2021,12
Aparecida de Goiânia,Novembro De 2022,4
Aparecida de Goiânia,Novembro De 2023,5
Aparecida de Goiânia,Outubro De 2021,13
Aparecida de Goiânia,Outubro De 2022,10
Aparecida de Goiânia,Outubro De 2023,8
Aparecida de Goiânia,Setembro De 2021,8
Aparecida de Goiânia,Setembro De 2022,21
Aparecida de Goiânia,Setembro De 2023,6
Aparecida do Rio Doce,Setembro De 2022,1
Aporé,Agosto De 2023,1
Aporé,Dezembro De 2021,1
Aporé,Outubro De 2023,1
Aragarças,Abril De 2021,1
Aragarças,Fevereiro De 2021,1
Aragarças,Fevereiro De 2022,1
Aragarças,Julho De 2021,1
Aragarças,Julho De 2022,1
Aragarças,Junho De 2024,1
Aragarças,Maio De 2021,1
Aragarças,Maio De 2022,1
Aragarças,Maio De 2023,1
Aragarças,Março De 2021,3
Aragarças,Novembro De 2021,1
Aragarças,Outubro De 2023,1
Aragarças,Setembro De 2022,1
Aragoiânia,Fevereiro De 2021,2
Aragoiânia,Janeiro De 2022,1
Aragoiânia,Maio De 2022,1
Aragoiânia,Setembro De 2023,1
Araguapaz,Julho De 2022,1
Arenópolis,Fevereiro De 2022,2
Aruanã,Agosto De 2022,1
Aruanã,Fevereiro De 2021,2
Aruanã,Janeiro De 2024,1
Aruanã,Março De 2022,1
Aruanã,Novembro De 2022,1
Aruanã,Outubro De 2023,2
Avelinópolis,Junho De 2021,1
Barro Alto,Abril De 2023,1
Barro Alto,Janeiro De 2023,1
Barro Alto,Junho De 2021,1
Barro Alto,Novembro De 2021,1
Barro Alto,Novembro De 2023,1
Bela Vista de Goiás,Abril De 2021,1
Bela Vista de Goiás,Abril De 2022,2
Bela Vista de Goiás,Dezembro De 2022,1
Bela Vista de Goiás,Fevereiro De 2023,1
Bela Vista de Goiás,Janeiro De 2021,1
Bela Vista de Goiás,Janeiro De 2023,1
Bela Vista de Goiás,Junho De 2024,1
Bela Vista de Goiás,Maio De 2024,1
Bela Vista de Goiás,Março De 2022,2
Bela Vista de Goiás,Março De 2024,1
Bela Vista de Goiás,Setembro De 2023,1
Bom Jardim de Goiás,Agosto De 2022,1
Bom Jardim de Goiás,Janeiro De 2021,1
Bom Jardim de Goiás,Junho De 2022,1
Bom Jardim de Goiás,Junho De 2024,1
Bom Jardim de Goiás,Março De 2021,1
Bom Jardim de Goiás,Março De 2024,1
Bom Jesus de Goiás,Dezembro De 2021,1
Bom Jesus de Goiás,Janeiro De 2023,1
Bom Jesus de Goiás,Maio De 2023,1
Bom Jesus de Goiás,Outubro De 2021,2
Bom Jesus de Goiás,Outubro De 2022,1
Bom Jesus de Goiás,Setembro De 2022,1
Bonfinópolis,Agosto De 2023,1
Bonfinópolis,Junho De 2023,1
Bonfinópolis,Março De 2022,2
Bonópolis,Janeiro De 2023,1
Bonópolis,Novembro De 2021,1
Brazabrantes,Fevereiro De 2021,1
Brazabrantes,Outubro De 2022,1
Britânia,Julho De 2023,1
Britânia,Maio De 2022,1
Britânia,Maio De 2023,1
Buriti Alegre,Fevereiro De 2022,1
Buriti Alegre,Julho De 2022,1
Buriti de Goiás,Julho De 2021,1
Cabeceiras,Setembro De 2021,1
Cachoeira Alta,Janeiro De 2024,1
Cachoeira Alta,Junho De 2024,1
Cachoeira Alta,Outubro De 2022,1
Cachoeira Dourada,Dezembro De 2022,1
Cachoeira Dourada,Junho De 2024,1
Cachoeira Dourada,Maio De 2023,1
Cachoeira Dourada,Outubro De 2023,1
Cachoeira de Goiás,Abril De 2021,1
Cachoeira de Goiás,Abril De 2024,1
Cachoeira de Goiás,Dezembro De 2023,1
Caiapônia,Abril De 2021,1
Caiapônia,Abril De 2024,1
Caiapônia,Agosto De 2021,1
Caiapônia,Dezembro De 2021,1
Caiapônia,Junho De 2022,1
Caiapônia,Novembro De 2022,1
Caiapônia,Outubro De 2022,1
Caiapônia,Outubro De 2023,1
Caldas Novas,Abril De 2021,1
Caldas Novas,Abril De 2024,1
Caldas Novas,Agosto De 2021,6
Caldas Novas,Agosto De 2023,1
Caldas Novas,Dezembro De 2023,2
Caldas Novas,Fevereiro De 2021,1
Caldas Novas,Fevereiro De 2022,1
Caldas Novas,Fevereiro De 2023,1
Caldas Novas,Fevereiro De 2024,1
Caldas Novas,Janeiro De 2021,1
Caldas Novas,Janeiro De 2024,1
Caldas Novas,Julho De 2021,2
Caldas Novas,Julho De 2022,1
Caldas Novas,Julho De 2023,1
Caldas Novas,Julho De 2024,1
Caldas Novas,Junho De 2022,3
Caldas Novas,Junho De 2023,2
Caldas Novas,Maio De 2024,1
Caldas Novas,Março De 2023,4
Caldas Novas,Março De 2024,3
Caldas Novas,Novembro De 2022,2
Caldas Novas,Outubro De 2021,2
Caldas Novas,Setembro De 2022,1
Caldazinha,Março De 2021,1
Caldazinha,Março De 2024,1
Campestre de Goiás,Agosto De 2022,1
Campestre de Goiás,Março De 2023,1
Campestre de Goiás,Outubro De 2021,1
Campinaçu,Julho De 2023,1
Campinaçu,Junho De 2023,1
Campinaçu,Maio De 2023,1
Campinorte,Abril De 2021,1
Campinorte,Abril De 2023,1
Campinorte,Dezembro De 2023,1
Campinorte,Fevereiro De 2023,1
Campo Limpo de Goiás,Dezembro De 2023,1
Campo Limpo de Goiás,Fevereiro De 2022,1
Campo Limpo de Goiás,Fevereiro De 2024,1
Campo Limpo de Goiás,Janeiro De 2023,1
Campo Limpo de Goiás,Setembro De 2021,1
Campos Belos,Abril De 2021,1
Campos Belos,Agosto De 2021,1
Campos Belos,Dezembro De 2021,1
Campos Belos,Fevereiro De 2024,1
Campos Belos,Julho De 2023,1
Campos Belos,Julho De 2024,1
Campos Belos,Maio De 2022,1
Campos Belos,Março De 2021,1
Campos Belos,Outubro De 2023,1
Campos Verdes,Abril De 2023,1
Campos Verdes,Abril De 2024,1
Campos Verdes,Agosto De 2022,1
Campos Verdes,Agosto De 2023,1
Campos Verdes,Dezembro De 2023,2
Campos Verdes,Fevereiro De 2022,1
Campos Verdes,Fevereiro De 2023,1
Campos Verdes,Fevereiro De 2024,1
Campos Verdes,Janeiro De 2022,1
Campos Verdes,Julho De 2023,3
Campos Verdes,Maio De 2021,1
Campos Verdes,Maio De 2022,1
Campos Verdes,Março De 2024,1
Carmo do Rio Verde,Janeiro De 2024,1
Carmo do Rio Verde,Maio De 2021,1
Carmo do Rio Verde,Março De 2021,1
Catalão,Abril De 2021,1
Catalão,Abril De 2022,1
Catalão,Abril De 2023,1
Catalão,Abril De 2024,1
Catalão,Agosto De 2023,1
Catalão,Dezembro De 2021,1
Catalão,Fevereiro De 2022,1
Catalão,Janeiro De 2022,1
Catalão,Janeiro De 2023,1
Catalão,Janeiro De 2024,1
Catalão,Julho De 2021,1
Catalão,Julho De 2022,1
Catalão,Junho De 2022,2
Catalão,Junho De 2024,1
Catalão,Maio De 2022,1
Catalão,Maio De 2024,2
Catalão,Novembro De 2021,4
Catalão,Outubro De 2022,1
Catalão,Setembro De 2021,2
Catalão,Setembro De 2023,1
Caturaí,Agosto De 2023,1
Caturaí,Novembro De 2023,1
Cavalcante,Abril De 2023,1
Cavalcante,Fevereiro De 2023,1
Cavalcante,Janeiro De 2022,1
Cavalcante,Julho De 2021,1
Ceres,Abril De 2021,1
Ceres,Abril De 2023,1
Ceres,Julho De 2021,1
Ceres,Maio De 2024,1
Cezarina,Fevereiro De 2022,1
Cezarina,Fevereiro De 2023,1
Cezarina,Janeiro De 2024,1
Cezarina,Julho De 2021,1
Cezarina,Junho De 2023,1
Cezarina,Novembro De 2022,1
Cezarina,Setembro De 2021,2
Chapadão do Céu,Abril De 2022,1
Chapadão do Céu,Junho De 2021,1
Chapadão do Céu,Junho De 2022,1
Chapadão do Céu,Maio De 2021,1
Chapadão do Céu,Março De 2021,1
Chapadão do Céu,Setembro De 2023,1
Cidade Ocidental,Abril De 2021,1
Cidade Ocidental,Abril De 2024,2
Cidade Ocidental,Agosto De 2021,2
Cidade Ocidental,Agosto De 2022,1
Cidade Ocidental,Fevereiro De 2021,2
Cidade Ocidental,Fevereiro De 2022,1
Cidade Ocidental,Fevereiro De 2023,1
Cidade Ocidental,Fevereiro De 2024,1
Cidade Ocidental,Janeiro De 2024,1
Cidade Ocidental,Julho De 2023,4
Cidade Ocidental,Junho De 2022,1
Cidade Ocidental,Junho De 2023,1
Cidade Ocidental,Maio De 2021,1
Cidade Ocidental,Maio De 2022,1
Cidade Ocidental,Maio De 2024,1
Cidade Ocidental,Março De 2022,2
Cidade Ocidental,Março De 2023,1
Cidade Ocidental,Novembro De 2022,1
Cidade Ocidental,Novembro De 2023,1
Cidade Ocidental,Outubro De 2023,2
Cidade Ocidental,Setembro De 2022,2
Cidade Ocidental,Setembro De 2023,2
Cocalzinho de Goiás,Agosto De 2021,1
Cocalzinho de Goiás,Fevereiro De 2023,1
Cocalzinho de Goiás,Junho De 2024,1
Cocalzinho de Goiás,Novembro De 2022,1
Cocalzinho de Goiás,Setembro De 2022,1
Colinas do Sul,Abril De 2024,1
Colinas do Sul,Janeiro De 2022,1
Colinas do Sul,Junho De 2023,1
Corumbá de Goiás,Abril De 2021,2
Corumbá de Goiás,Novembro De 2022,1
Cristalina,Agosto De 2022,1
Cristalina,Dezembro De 2022,1
Cristalina,Fevereiro De 2024,1
Cristalina,Janeiro De 2021,1
Cristalina,Janeiro De 2022,1
Cristalina,Julho De 2021,1
Cristalina,Julho De 2023,1
Cristalina,Março De 2023,1
Cristalina,Março De 2024,1
Cristalina,Novembro De 2021,1
Cristalina,Novembro De 2023,1
Cristalina,Outubro De 2023,1
Cristianópolis,Dezembro De 2021,1
Cristianópolis,Fevereiro De 2024,1
Cristianópolis,Novembro De 2022,1
Crixás,Agosto De 2022,2
Crixás,Fevereiro De 2024,2
Crixás,Janeiro De 2022,2
Crixás,Julho De 2022,2
Crixás,Junho De 2023,2
Crixás,Março De 2022,1
Crixás,Março De 2023,2
Crixás,Março De 2024,1
Cumari,Agosto De 2021,1
Damianópolis,Janeiro De 2023,1
Davinópolis,Dezembro De 2021,1
Divinópolis de Goiás,Janeiro De 2021,1
Divinópolis de Goiás,Maio De 2021,1
Divinópolis de Goiás,Novembro De 2022,1
Divinópolis de Goiás,Novembro De 2023,1
Edéia,Agosto De 2021,1
Edéia,Agosto De 2022,1
Edéia,Julho De 2022,1
Edéia,Junho De 2023,1
Edéia,Setembro De 2022,1
Estrela do Norte,Junho De 2022,1
Estrela do Norte,Novembro De 2022,1
Estrela do Norte,Setembro De 2021,1
Faina,Fevereiro De 2024,1
Faina,Junho De 2024,1
Flores de Goiás,Abril De 2023,1
Flores de Goiás,Janeiro De 2022,1
Flores de Goiás,Janeiro De 2024,1
Flores de Goiás,Julho De 2022,1
Flores de Goiás,Julho De 2023,1
Flores de Goiás,Maio De 2021,1
Flores de Goiás,Outubro De 2021,1
Flores de Goiás,Outubro De 2022,1
Formosa,Abril De 2021,1
Formosa,Abril De 2022,2
Formosa,Abril De 2023,1
Formosa,Agosto De 2021,1
Formosa,Dezembro De 2023,1
Formosa,Fevereiro De 2021,3
Formosa,Fevereiro De 2023,1
Formosa,Janeiro De 2021,2
Formosa,Janeiro De 2023,2
Formosa,Janeiro De 2024,1
Formosa,Julho De 2021,1
Formosa,Julho De 2023,1
Formosa,Junho De 2021,3
Formosa,Junho De 2022,1
Formosa,Junho De 2023,1
Formosa,Maio De 2021,2
Formosa,Maio De 2022,2
Formosa,Maio De 2024,1
Formosa,Março De 2021,1
Formosa,Março De 2022,2
Formosa,Março De 2023,2
Formosa,Março De 2024,3
Formosa,Novembro De 2021,1
Formosa,Novembro De 2023,1
Formosa,Outubro De 2022,3
Formosa,Outubro De 2023,2
Formosa,Setembro De 2022,3
Formosa,Setembro De 2023,1
Goianira,Abril De 2021,2
Goianira,Abril De 2022,2
Goianira,Abril De 2023,4
Goianira,Abril De 2024,1
Goianira,Agosto De 2021,3
Goianira,Agosto De 2023,2
Goianira,Dezembro De 2021,1
Goianira,Dezembro De 2022,3
Goianira,Dezembro De 2023,1
Goianira,Fevereiro De 2021,1
Goianira,Fevereiro De 2022,4
Goianira,Fevereiro De 2024,1
Goianira,Janeiro De 2021,3
Goianira,Janeiro De 2022,1
Goianira,Janeiro De 2024,1
Goianira,Julho De 2022,1
Goianira,Junho De 2022,1
Goianira,Junho De 2023,3
Goianira,Junho De 2024,3
Goianira,Maio De 2021,1
Goianira,Maio De 2022,1
Goianira,Maio De 2023,1
Goianira,Maio De 2024,1
Goianira,Março De 2021,1
Goianira,Março De 2022,1
Goianira,Março De 2024,1
Goianira,Novembro De 2021,1
Goianira,Novembro De 2022,1
Goianira,Novembro De 2023,2
Goianira,Outubro De 2021,1
Goianira,Outubro De 2022,1
Goianira,Setembro De 2021,4
Goianira,Setembro De 2022,1
Goianira,Setembro De 2023,1
Goianápolis,Agosto De 2023,1
Goianápolis,Maio De 2021,1
Goianápolis,Setembro De 2021,1
Goianésia,Abril De 2022,1
Goianésia,Abril De 2024,1
Goianésia,Agosto De 2021,1
Goianésia,Agosto De 2022,2
Goianésia,Dezembro De 2022,1
Goianésia,Fevereiro De 2024,1
Goianésia,Janeiro De 2021,1
Goianésia,Janeiro De 2022,1
Goianésia,Janeiro De 2023,1
Goianésia,Janeiro De 2024,1
Goianésia,Julho De 2021,2
Goianésia,Julho De 2022,1
Goianésia,Junho De 2021,1
Goianésia,Junho De 2022,1
Goianésia,Maio De 2021,2
Goianésia,Maio De 2022,1
Goianésia,Maio De 2023,2
Goianésia,Maio De 2024,1
Goianésia,Março De 2021,2
Goianésia,Março De 2022,1
Goianésia,Março De 2023,3
Goianésia,Novembro De 2023,1
Goianésia,Outubro De 2022,2
Goianésia,Outubro De 2023,2
Goianésia,Setembro De 2021,1
Goianésia,Setembro De 2023,1
Goiatuba,Abril De 2023,1
Goiatuba,Agosto De 2023,2
Goiatuba,Dezembro De 2021,1
Goiatuba,Fevereiro De 2023,1
Goiatuba,Janeiro De 2021,1
Goiatuba,Janeiro De 2022,1
Goiatuba,Janeiro De 2024,1
Goiatuba,Maio De 2022,1
Goiatuba,Março De 2022,1
Goiatuba,Março De 2024,1
Goiatuba,Setembro De 2021,1
Goiatuba,Setembro De 2023,2
Goiás,Abril De 2021,1
Goiás,Abril De 2022,1
Goiás,Abril De 2023,1
Goiás,Abril De 2024,1
Goiás,Agosto De 2023,1
Goiás,Julho De 2021,1
Goiás,Junho De 2023,1
Goiás,Maio De 2024,1
Goiás,Novembro De 2021,1
Goiânia,Abril De 2021,14
Goiânia,Abril De 2022,13
Goiânia,Abril De 2023,24
Goiânia,Abril De 2024,25
Goiânia,Agosto De 2021,16
Goiânia,Agosto De 2022,15
Goiânia,Agosto De 2023,29
Goiânia,Dezembro De 2021,16
Goiânia,Dezembro De 2022,14
Goiânia,Dezembro De 2023,11
Goiânia,Fevereiro De 2021,21
Goiânia,Fevereiro De 2022,15
Goiânia,Fevereiro De 2023,20
Goiânia,Fevereiro De 2024,13
Goiânia,Janeiro De 2021,16
Goiânia,Janeiro De 2022,18
Goiânia,Janeiro De 2023,20
Goiânia,Janeiro De 2024,18
Goiânia,Julho De 2021,13
Goiânia,Julho De 2022,26
Goiânia,Julho De 2023,22
Goiânia,Junho De 2021,17
Goiânia,Junho De 2022,21
Goiânia,Junho De 2023,19
Goiânia,Junho De 2024,5
Goiânia,Maio De 2021,9
Goiânia,Maio De 2022,17
Goiânia,Maio De 2023,19
Goiânia,Maio De 2024,14
Goiânia,Março De 2021,17
Goiânia,Março De 2022,23
Goiânia,Março De 2023,17
Goiânia,Março De 2024,21
Goiânia,Novembro De 2021,20
Goiânia,Novembro De 2022,23
Goiânia,Novembro De 2023,32
Goiânia,Outubro De 2021,22
Goiânia,Outubro De 2022,16
Goiânia,Outubro De 2023,14
Goiânia,Setembro De 2021,22
Goiânia,Setembro De 2022,19
Goiânia,Setembro De 2023,21
Gouvelândia,Fevereiro De 2023,1
Gouvelândia,Maio De 2023,1
Guapó,Abril De 2023,1
Guapó,Agosto De 2022,2
Guapó,Fevereiro De 2024,1
Guapó,Janeiro De 2023,2
Guapó,Janeiro De 2024,2
Guapó,Maio De 2022,1
Guapó,Maio De 2023,2
Guapó,Março De 2023,1
Guapó,Setembro De 2023,1
Guarani de Goiás,Junho De 2021,1
Guarani de Goiás,Março De 2024,1
Heitoraí,Maio De 2023,1
Heitoraí,Setembro De 2023,1
Hidrolândia,Abril De 2021,1
Hidrolândia,Agosto De 2021,1
Hidrolândia,Dezembro De 2021,1
Hidrolândia,Dezembro De 2023,1
Hidrolândia,Fevereiro De 2021,1
Hidrolândia,Fevereiro De 2024,1
Hidrolândia,Julho De 2022,1
Hidrolândia,Junho De 2023,3
Hidrolândia,Maio De 2021,1
Hidrolândia,Outubro De 2023,1
Iaciara,Abril De 2024,1
Iaciara,Agosto De 2021,1
Iaciara,Agosto De 2022,1
Iaciara,Janeiro De 2024,1
Iaciara,Maio De 2024,1
Inaciolândia,Julho De 2021,1
Indiara,Janeiro De 2023,1
Indiara,Junho De 2022,1
Indiara,Maio De 2022,1
Indiara,Novembro De 2023,2
Indiara,Outubro De 2021,2
Indiara,Outubro De 2023,1
Indiara,Setembro De 2021,1
Indiara,Setembro De 2022,1
Inhumas,Abril De 2023,1
Inhumas,Fevereiro De 2024,1
Inhumas,Julho De 2021,1
Inhumas,Julho De 2022,1
Inhumas,Julho De 2023,1
Inhumas,Julho De 2024,1
Inhumas,Junho De 2021,1
Inhumas,Junho De 2023,1
Inhumas,Março De 2023,1
Inhumas,Outubro De 2021,1
Inhumas,Outubro De 2022,2
Ipameri,Dezembro De 2023,1
Ipameri,Janeiro De 2024,1
Ipameri,Julho De 2021,1
Ipameri,Julho De 2023,1
Ipameri,Maio De 2021,1
Ipameri,Março De 2024,1
Ipameri,Setembro De 2022,1
Iporá,Abril De 2023,2
Iporá,Agosto De 2022,2
Iporá,Agosto De 2023,1
Iporá,Dezembro De 2021,1
Iporá,Dezembro De 2023,1
Iporá,Fevereiro De 2021,2
Iporá,Janeiro De 2024,1
Iporá,Julho De 2022,1
Iporá,Junho De 2024,1
Iporá,Maio De 2022,1
Iporá,Maio De 2024,2
Iporá,Março De 2022,1
Iporá,Março De 2023,1
Iporá,Outubro De 2023,1
Israelândia,Janeiro De 2021,1
Israelândia,Junho De 2021,1
Itaberaí,Abril De 2021,1
Itaberaí,Dezembro De 2022,1
Itaberaí,Dezembro De 2023,1
Itaberaí,Janeiro De 2023,1
Itaberaí,Junho De 2021,2
Itaberaí,Março De 2021,1
Itaberaí,Março De 2023,1
Itaberaí,Outubro De 2021,1
Itaberaí,Outubro De 2023,1
Itaguari,Dezembro De 2023,1
Itaguari,Setembro De 2022,1
Itajá,Outubro De 2022,1
Itapaci,Abril De 2023,1
Itapaci,Dezembro De 2021,1
Itapaci,Janeiro De 2022,1
Itapaci,Junho De 2023,2
Itapaci,Maio De 2023,2
Itapaci,Março De 2021,2
Itapaci,Março De 2022,1
Itapaci,Março De 2023,2
Itapaci,Novembro De 2023,1
Itapirapuã,Junho De 2022,1
Itapirapuã,Maio De 2023,1
Itapirapuã,Março De 2022,1
Itapuranga,Abril De 2022,1
Itapuranga,Agosto De 2023,1
Itapuranga,Janeiro De 2021,1
Itapuranga,Janeiro De 2023,1
Itapuranga,Julho De 2021,1
Itapuranga,Julho De 2023,2
Itapuranga,Junho De 2023,1
Itapuranga,Março De 2022,1
Itapuranga,Outubro De 2023,1
Itarumã,Junho De 2021,1
Itarumã,Junho De 2023,1
Itauçu,Abril De 2023,1
Itauçu,Agosto De 2022,1
Itauçu,Junho De 2021,1
Itauçu,Maio De 2021,1
Itauçu,Maio De 2024,1
Itauçu,Setembro De 2023,1
Itumbiara,Abril De 2022,1
Itumbiara,Abril De 2023,4
Itumbiara,Abril De 2024,6
Itumbiara,Agosto De 2021,1
Itumbiara,Agosto De 2022,3
Itumbiara,Agosto De 2023,5
Itumbiara,Dezembro De 2021,2
Itumbiara,Dezembro De 2022,6
Itumbiara,Dezembro De 2023,3
Itumbiara,Fevereiro De 2022,2
Itumbiara,Fevereiro De 2023,2
Itumbiara,Fevereiro De 2024,3
Itumbiara,Janeiro De 2022,5
Itumbiara,Janeiro De 2023,6
Itumbiara,Janeiro De 2024,1
Itumbiara,Julho De 2021,3
Itumbiara,Julho De 2022,3
Itumbiara,Julho De 2023,4
Itumbiara,Junho De 2021,2
Itumbiara,Junho De 2022,2
Itumbiara,Junho De 2023,3
Itumbiara,Junho De 2024,1
Itumbiara,Maio De 2022,2
Itumbiara,Maio De 2023,2
Itumbiara,Maio De 2024,1
Itumbiara,Março De 2021,3
Itumbiara,Março De 2022,4
Itumbiara,Março De 2023,2
Itumbiara,Março De 2024,1
Itumbiara,Novembro De 2021,1
Itumbiara,Novembro De 2023,6
Itumbiara,Outubro De 2021,4
Itumbiara,Outubro De 2022,2
Itumbiara,Outubro De 2023,3
Itumbiara,Setembro De 2022,4
Itumbiara,Setembro De 2023,1
Jandaia,Setembro De 2023,1
Jaraguá,Fevereiro De 2022,1
Jaraguá,Fevereiro De 2024,1
Jaraguá,Janeiro De 2021,1
Jaraguá,Maio De 2022,1
Jaraguá,Maio De 2024,2
Jaraguá,Março De 2021,1
Jaraguá,Março De 2023,1
Jaraguá,Setembro De 2022,1
Jaraguá,Setembro De 2023,1
Jataí,Abril De 2022,2
Jataí,Abril De 2023,2
Jataí,Abril De 2024,1
Jataí,Agosto De 2022,1
Jataí,Dezembro De 2022,2
Jataí,Dezembro De 2023,2
Jataí,Fevereiro De 2021,2
Jataí,Fevereiro De 2022,2
Jataí,Fevereiro De 2024,1
Jataí,Janeiro De 2021,1
Jataí,Janeiro De 2024,2
Jataí,Julho De 2022,1
Jataí,Junho De 2022,2
Jataí,Junho De 2023,1
Jataí,Maio De 2021,1
Jataí,Maio De 2023,3
Jataí,Maio De 2024,3
Jataí,Março De 2022,3
Jataí,Março De 2024,3
Jataí,Novembro De 2021,1
Jataí,Novembro De 2022,2
Jataí,Novembro De 2023,1
Jataí,Outubro De 2021,3
Jataí,Outubro De 2022,1
Jataí,Outubro De 2023,1
Jataí,Setembro De 2021,2
Jataí,Setembro De 2022,1
Jataí,Setembro De 2023,1
Jaupaci,Março De 2022,1
Jaupaci,Outubro De 2022,1
Joviânia,Fevereiro De 2022,1
Joviânia,Outubro De 2023,1
Jussara,Abril De 2022,1
Jussara,Agosto De 2022,2
Jussara,Dezembro De 2021,1
Jussara,Dezembro De 2023,1
Jussara,Janeiro De 2024,1
Jussara,Julho De 2023,1
Jussara,Maio De 2023,1
Jussara,Março De 2023,1
Jussara,Outubro De 2021,1
Leopoldo de Bulhões,Junho De 2022,1
Leopoldo de Bulhões,Maio De 2022,2
Luziânia,Abril De 2021,1
Luziânia,Abril De 2022,1
Luziânia,Abril De 2023,1
Luziânia,Abril De 2024,1
Luziânia,Agosto De 2021,5
Luziânia,Agosto De 2022,3
Luziânia,Agosto De 2023,1
Luziânia,Dezembro De 2021,3
Luziânia,Dezembro De 2022,1
Luziânia,Dezembro De 2023,1
Luziânia,Fevereiro De 2023,4
Luziânia,Fevereiro De 2024,3
Luziânia,Janeiro De 2022,1
Luziânia,Janeiro De 2023,2
Luziânia,Janeiro De 2024,3
Luziânia,Julho De 2021,1
Luziânia,Julho De 2022,3
Luziânia,Julho De 2023,2
Luziânia,Junho De 2021,1
Luziânia,Junho De 2022,4
Luziânia,Junho De 2023,3
Luziânia,Junho De 2024,2
Luziânia,Maio De 2022,2
Luziânia,Maio De 2023,3
Luziânia,Maio De 2024,3
Luziânia,Março De 2021,1
Luziânia,Março De 2022,3
Luziânia,Março De 2023,3
Luziânia,Março De 2024,3
Luziânia,Novembro De 2021,1
Luziânia,Novembro De 2022,4
Luziânia,Novembro De 2023,2
Luziânia,Outubro De 2021,3
Luziânia,Outubro De 2022,4
Luziânia,Outubro De 2023,1
Luziânia,Setembro De 2021,1
Luziânia,Setembro De 2022,4
Luziânia,Setembro De 2023,5
Mambaí,Julho De 2023,1
Mambaí,Setembro De 2023,1
Mara Rosa,Abril De 2024,1
Mara Rosa,Dezembro De 2021,1
Mara Rosa,Dezembro De 2023,1
Mara Rosa,Maio De 2024,2
Mara Rosa,Novembro De 2023,2
Matrinchã,Março De 2023,1
Maurilândia,Agosto De 2021,1
Maurilândia,Fevereiro De 2022,1
Maurilândia,Julho De 2023,2
Maurilândia,Junho De 2021,1
Maurilândia,Maio De 2024,1
Maurilândia,Novembro De 2022,1
Maurilândia,Outubro De 2023,1
Mimoso de Goiás,Janeiro De 2022,1
Minaçu,Abril De 2023,1
Minaçu,Dezembro De 2022,2
Minaçu,Julho De 2021,1
Minaçu,Maio De 2021,1
Minaçu,Maio De 2022,1
Minaçu,Maio De 2023,1
Minaçu,Maio De 2024,1
Mineiros,Abril De 2022,2
Mineiros,Fevereiro De 2024,1
Mineiros,Janeiro De 2021,1
Mineiros,Janeiro De 2022,1
Mineiros,Janeiro De 2023,1
Mineiros,Julho De 2022,2
Mineiros,Julho De 2023,2
Mineiros,Junho De 2022,1
Mineiros,Junho De 2024,1
Mineiros,Maio De 2021,1
Mineiros,Maio De 2023,1
Mineiros,Março De 2021,1
Mineiros,Novembro De 2021,2
Mineiros,Setembro De 2021,1
Monte Alegre de Goiás,Maio De 2024,1
Montes Claros de Goiás,Dezembro De 2023,2
Montes Claros de Goiás,Maio De 2023,1
Montes Claros de Goiás,Março De 2023,1
Montividiu,Outubro De 2022,1
Morrinhos,Abril De 2022,1
Morrinhos,Abril De 2024,2
Morrinhos,Agosto De 2022,1
Morrinhos,Janeiro De 2021,1
Morrinhos,Janeiro De 2022,1
Morrinhos,Julho De 2023,2
Morrinhos,Junho De 2022,2
Morrinhos,Junho De 2024,1
Morrinhos,Maio De 2021,1
Morrinhos,Maio De 2023,1
Morrinhos,Novembro De 2022,1
Morrinhos,Outubro De 2022,1
Morrinhos,Outubro De 2023,2
Morrinhos,Setembro De 2021,2
Morro Agudo de Goiás,Fevereiro De 2024,2
Morro Agudo de Goiás,Janeiro De 2022,3
Mossâmedes,Abril De 2024,1
Mossâmedes,Dezembro De 2023,1
Mossâmedes,Janeiro De 2024,1
Mossâmedes,Maio De 2023,2
Mossâmedes,Novembro De 2022,1
Mossâmedes,Novembro De 2023,1
Mozarlândia,Fevereiro De 2021,1
Mozarlândia,Janeiro De 2021,1
Mozarlândia,Maio De 2021,1
Mozarlândia,Outubro De 2023,1
Mundo Novo,Dezembro De 2022,1
Mundo Novo,Fevereiro De 2022,1
Mundo Novo,Junho De 2021,1
Mundo Novo,Junho De 2023,1
Mundo Novo,Março De 2024,1
Mundo Novo,Novembro De 2023,1
Nazário,Abril De 2023,1
Nazário,Agosto De 2023,2
Nazário,Julho De 2021,1
Nazário,Maio De 2021,1
Nazário,Maio De 2022,1
Nerópolis,Abril De 2023,1
Nerópolis,Abril De 2024,1
Nerópolis,Agosto De 2023,1
Nerópolis,Dezembro De 2023,3
Nerópolis,Janeiro De 2022,1
Nerópolis,Julho De 2022,1
Nerópolis,Junho De 2024,1
Nerópolis,Março De 2022,1
Nerópolis,Outubro De 2023,1
Niquelândia,Abril De 2023,1
Niquelândia,Agosto De 2022,1
Niquelândia,Agosto De 2023,1
Niquelândia,Dezembro De 2021,1
Niquelândia,Dezembro De 2023,1
Niquelândia,Janeiro De 2023,1
Niquelândia,Julho De 2021,1
Niquelândia,Junho De 2021,1
Niquelândia,Maio De 2021,2
Niquelândia,Maio De 2023,2
Niquelândia,Março De 2023,1
Niquelândia,Novembro De 2021,2
Niquelândia,Novembro De 2022,1
Niquelândia,Outubro De 2021,2
Niquelândia,Setembro De 2022,1
Nova América,Dezembro De 2023,1
Nova América,Maio De 2023,1
Nova Aurora,Abril De 2024,1
Nova Aurora,Junho De 2022,1
Nova Crixás,Janeiro De 2021,1
Nova Crixás,Janeiro De 2022,1
Nova Crixás,Julho De 2021,1
Nova Crixás,Março De 2022,1
Nova Crixás,Novembro De 2022,1
Nova Crixás,Setembro De 2021,1
Nova Crixás,Setembro De 2023,1
Nova Glória,Abril De 2022,1
Nova Glória,Junho De 2021,1
Nova Glória,Junho De 2023,1
Nova Glória,Setembro De 2021,1
Nova Roma,Abril De 2024,1
Nova Roma,Fevereiro De 2023,1
Nova Roma,Janeiro De 2022,1
Nova Roma,Maio De 2023,1
Nova Veneza,Julho De 2022,1
Nova Veneza,Setembro De 2022,1
Novo Brasil,Junho De 2022,1
Novo Gama,Abril De 2021,2
Novo Gama,Abril De 2022,2
Novo Gama,Abril De 2023,2
Novo Gama,Dezembro De 2022,1
Novo Gama,Fevereiro De 2021,1
Novo Gama,Fevereiro De 2023,1
Novo Gama,Janeiro De 2022,1
Novo Gama,Janeiro De 2023,1
Novo Gama,Julho De 2021,2
Novo Gama,Julho De 2022,1
Novo Gama,Junho De 2022,1
Novo Gama,Junho De 2023,2
Novo Gama,Maio De 2024,1
Novo Gama,Outubro De 2021,1
Novo Gama,Setembro De 2021,1
Novo Gama,Setembro De 2023,1
Novo Planalto,Abril De 2024,1
Orizona,Março De 2024,1
Orizona,Novembro De 2021,1
Padre Bernardo,Dezembro De 2021,1
Padre Bernardo,Julho De 2021,1
Padre Bernardo,Junho De 2023,1
Padre Bernardo,Maio De 2022,2
Padre Bernardo,Março De 2024,1
Padre Bernardo,Novembro De 2022,1
Padre Bernardo,Outubro De 2022,1
Padre Bernardo,Outubro De 2023,1
Palmeiras de Goiás,Abril De 2023,2
Palmeiras de Goiás,Agosto De 2023,1
Palmeiras de Goiás,Dezembro De 2022,1
Palmeiras de Goiás,Janeiro De 2023,1
Palmeiras de Goiás,Janeiro De 2024,3
Palmeiras de Goiás,Junho De 2021,1
Palmeiras de Goiás,Junho De 2023,1
Palmeiras de Goiás,Maio De 2022,2
Palmeiras de Goiás,Maio De 2024,1
Palmeiras de Goiás,Novembro De 2023,2
Palmeiras de Goiás,Outubro De 2023,2
Palmeiras de Goiás,Setembro De 2021,1
Palmeiras de Goiás,Setembro De 2022,1
Palmeiras de Goiás,Setembro De 2023,1
Palminópolis,Outubro De 2022,1
Paranaiguara,Janeiro De 2024,1
Paraúna,Julho De 2021,1
Paraúna,Julho De 2022,1
Perolândia,Janeiro De 2024,1
Pilar de Goiás,Fevereiro De 2022,1
Pilar de Goiás,Fevereiro De 2023,1
Pilar de Goiás,Julho De 2023,1
Pilar de Goiás,Março De 2022,1
Piracanjuba,Agosto De 2021,1
Piracanjuba,Agosto De 2023,2
Piracanjuba,Dezembro De 2021,1
Piracanjuba,Fevereiro De 2022,1
Piracanjuba,Fevereiro De 2023,1
Piracanjuba,Fevereiro De 2024,1
Piracanjuba,Janeiro De 2023,1
Piracanjuba,Junho De 2021,1
Piracanjuba,Março De 2024,1
Piracanjuba,Outubro De 2021,2
Piracanjuba,Setembro De 2021,1
Piranhas,Abril De 2022,1
Piranhas,Fevereiro De 2023,1
Piranhas,Janeiro De 2022,1
Piranhas,Março De 2022,1
Piranhas,Novembro De 2022,1
Piranhas,Outubro De 2022,1
Piranhas,Setembro De 2023,1
Pirenópolis,Agosto De 2023,1
Pirenópolis,Dezembro De 2021,1
Pirenópolis,Dezembro De 2022,1
Pirenópolis,Dezembro De 2023,1
Pirenópolis,Fevereiro De 2024,1
Pirenópolis,Janeiro De 2023,1
Pirenópolis,Junho De 2023,1
Pirenópolis,Março De 2022,1
Pirenópolis,Março De 2024,1
Pirenópolis,Novembro De 2022,1
Pirenópolis,Novembro De 2023,1
Pirenópolis,Outubro De 2022,1
Pirenópolis,Setembro De 2021,1
Pires do Rio,Abril De 2024,1
Pires do Rio,Dezembro De 2023,1
Pires do Rio,Fevereiro De 2021,1
Pires do Rio,Janeiro De 2021,1
Pires do Rio,Janeiro De 2022,1
Pires do Rio,Janeiro De 2024,1
Pires do Rio,Março De 2021,2
Pires do Rio,Março De 2024,1
Pires do Rio,Novembro De 2021,2
Pires do Rio,Novembro De 2023,1
Pires do Rio,Outubro De 2021,1
Planaltina,Abril De 2021,1
Planaltina,Abril De 2022,2
Planaltina,Abril De 2023,1
Planaltina,Abril De 2024,3
Planaltina,Agosto De 2022,3
Planaltina,Dezembro De 2021,1
Planaltina,Dezembro De 2022,2
Planaltina,Dezembro De 2023,1
Planaltina,Fevereiro De 2021,1
Planaltina,Fevereiro De 2022,1
Planaltina,Janeiro De 2022,1
Planaltina,Janeiro De 2024,1
Planaltina,Junho De 2021,3
Planaltina,Junho De 2023,2
Planaltina,Maio De 2021,2
Planaltina,Maio De 2023,1
Planaltina,Maio De 2024,2
Planaltina,Março De 2024,3
Planaltina,Novembro De 2022,1
Planaltina,Novembro De 2023,1
Planaltina,Outubro De 2022,3
Planaltina,Setembro De 2021,3
Pontalina,Dezembro De 2021,1
Pontalina,Fevereiro De 2022,1
Pontalina,Julho De 2023,1
Pontalina,Outubro De 2021,1
Porangatu,Agosto De 2023,1
Porangatu,Fevereiro De 2024,1
Porangatu,Janeiro De 2024,2
Porangatu,Julho De 2021,1
Porangatu,Julho De 2022,1
Porangatu,Junho De 2021,1
Porangatu,Junho De 2023,2
Porangatu,Maio De 2022,1
Porangatu,Maio De 2023,1
Porangatu,Março De 2023,1
Porangatu,Novembro De 2021,1
Porangatu,Outubro De 2021,1
Porangatu,Outubro De 2022,1
Porangatu,Outubro De 2023,1
Porteirão,Fevereiro De 2022,1
Portelândia,Julho De 2021,1
Posse,Agosto De 2023,1
Posse,Dezembro De 2022,1
Posse,Janeiro De 2022,1
Posse,Junho De 2023,2
Professor Jamil,Junho De 2024,1
Professor Jamil,Março De 2023,1
Professor Jamil,Setembro De 2023,1
Quirinópolis,Abril De 2023,1
Quirinópolis,Abril De 2024,1
Quirinópolis,Dezembro De 2021,1
Quirinópolis,Fevereiro De 2024,1
Quirinópolis,Janeiro De 2023,2
Quirinópolis,Janeiro De 2024,2
Quirinópolis,Julho De 2022,1
Quirinópolis,Julho De 2023,2
Quirinópolis,Junho De 2024,1
Quirinópolis,Maio De 2021,1
Quirinópolis,Maio De 2023,1
Quirinópolis,Maio De 2024,1
Quirinópolis,Março De 2021,1
Quirinópolis,Março De 2023,1
Quirinópolis,Março De 2024,1
Quirinópolis,Novembro De 2022,1
Quirinópolis,Novembro De 2023,1
Quirinópolis,Outubro De 2021,1
Quirinópolis,Outubro De 2022,1
Quirinópolis,Outubro De 2023,2
Quirinópolis,Setembro De 2023,1
Rialma,Agosto De 2021,1
Rialma,Junho De 2024,2
Rialma,Março De 2023,1
Rialma,Novembro De 2023,1
Rialma,Outubro De 2022,1
Rialma,Setembro De 2021,1
Rianápolis,Agosto De 2021,1
Rianápolis,Agosto De 2022,1
Rio Quente,Fevereiro De 2023,1
Rio Quente,Janeiro De 2022,1
Rio Quente,Julho De 2021,1
Rio Quente,Outubro De 2022,1
Rio Verde,Abril De 2021,1
Rio Verde,Abril De 2022,1
Rio Verde,Abril De 2023,4
Rio Verde,Abril De 2024,2
Rio Verde,Agosto De 2022,1
Rio Verde,Agosto De 2023,5
Rio Verde,Dezembro De 2021,3
Rio Verde,Dezembro De 2022,6
Rio Verde,Dezembro De 2023,2
Rio Verde,Fevereiro De 2021,3
Rio Verde,Fevereiro De 2022,5
Rio Verde,Fevereiro De 2023,4
Rio Verde,Fevereiro De 2024,4
Rio Verde,Janeiro De 2021,1
Rio Verde,Janeiro De 2022,2
Rio Verde,Janeiro De 2023,4
Rio Verde,Janeiro De 2024,3
Rio Verde,Julho De 2021,4
Rio Verde,Julho De 2022,4
Rio Verde,Julho De 2023,6
Rio Verde,Junho De 2021,4
Rio Verde,Junho De 2022,2
Rio Verde,Junho De 2023,3
Rio Verde,Maio De 2021,1
Rio Verde,Maio De 2022,1
Rio Verde,Maio De 2023,5
Rio Verde,Maio De 2024,5
Rio Verde,Março De 2021,7
Rio Verde,Março De 2022,1
Rio Verde,Março De 2023,4
Rio Verde,Março De 2024,1
Rio Verde,Novembro De 2021,5
Rio Verde,Novembro De 2022,2
Rio Verde,Novembro De 2023,3
Rio Verde,Outubro De 2021,2
Rio Verde,Outubro De 2022,2
Rio Verde,Outubro De 2023,2
Rio Verde,Setembro De 2021,1
Rio Verde,Setembro De 2022,5
Rio Verde,Setembro De 2023,4
Rubiataba,Abril De 2023,1
Rubiataba,Fevereiro De 2024,1
Rubiataba,Outubro De 2021,1
Sanclerlândia,Agosto De 2023,1
Sanclerlândia,Julho De 2023,1
Santa Bárbara de Goiás,Abril De 2023,1
Santa Bárbara de Goiás,Agosto De 2022,1
Santa Bárbara de Goiás,Dezembro De 2022,1
Santa Bárbara de Goiás,Fevereiro De 2023,1
Santa Bárbara de Goiás,Junho De 2023,1
Santa Cruz de Goiás,Dezembro De 2021,1
Santa Cruz de Goiás,Outubro De 2023,1
Santa Helena de Goiás,Abril De 2024,1
Santa Helena de Goiás,Agosto De 2021,1
Santa Helena de Goiás,Agosto De 2022,2
Santa Helena de Goiás,Agosto De 2023,1
Santa Helena de Goiás,Dezembro De 2022,1
Santa Helena de Goiás,Fevereiro De 2021,1
Santa Helena de Goiás,Fevereiro De 2022,1
Santa Helena de Goiás,Fevereiro De 2023,1
Santa Helena de Goiás,Janeiro De 2022,2
Santa Helena de Goiás,Julho De 2022,1
Santa Helena de Goiás,Julho De 2023,1
Santa Helena de Goiás,Junho De 2023,2
Santa Helena de Goiás,Maio De 2023,3
Santa Helena de Goiás,Março De 2024,1
Santa Helena de Goiás,Novembro De 2021,2
Santa Helena de Goiás,Novembro De 2022,1
Santa Helena de Goiás,Outubro De 2022,3
Santa Helena de Goiás,Setembro De 2021,1
Santa Isabel,Abril De 2022,1
Santa Isabel,Maio De 2023,2
Santa Rosa de Goiás,Julho De 2021,1
Santa Tereza de Goiás,Abril De 2024,1
Santa Tereza de Goiás,Agosto De 2022,1
Santa Tereza de Goiás,Janeiro De 2022,1
Santa Terezinha de Goiás,Janeiro De 2021,2
Santa Terezinha de Goiás,Junho De 2021,1
Santa Terezinha de Goiás,Junho De 2022,1
Santa Terezinha de Goiás,Março De 2021,1
Santa Terezinha de Goiás,Março De 2022,1
Santa Terezinha de Goiás,Setembro De 2022,1
Santo Antônio de Goiás,Julho De 2023,1
Santo Antônio de Goiás,Outubro De 2022,1
Santo Antônio do Descoberto,Abril De 2023,1
Santo Antônio do Descoberto,Agosto De 2021,3
Santo Antônio do Descoberto,Agosto De 2022,2
Santo Antônio do Descoberto,Dezembro De 2023,3
Santo Antônio do Descoberto,Fevereiro De 2023,1
Santo Antônio do Descoberto,Fevereiro De 2024,1
Santo Antônio do Descoberto,Janeiro De 2024,2
Santo Antônio do Descoberto,Julho De 2022,1
Santo Antônio do Descoberto,Julho De 2023,1
Santo Antônio do Descoberto,Junho De 2022,2
Santo Antônio do Descoberto,Junho De 2024,4
Santo Antônio do Descoberto,Maio De 2022,2
Santo Antônio do Descoberto,Maio De 2024,2
Santo Antônio do Descoberto,Março De 2021,2
Santo Antônio do Descoberto,Março De 2022,1
Santo Antônio do Descoberto,Março De 2023,2
Santo Antônio do Descoberto,Setembro De 2022,1
Santo Antônio do Descoberto,Setembro De 2023,2
Senador Canedo,Abril De 2022,2
Senador Canedo,Abril De 2023,3
Senador Canedo,Abril De 2024,2
Senador Canedo,Agosto De 2021,3
Senador Canedo,Agosto De 2023,3
Senador Canedo,Dezembro De 2023,1
Senador Canedo,Fevereiro De 2021,2
Senador Canedo,Fevereiro De 2022,3
Senador Canedo,Fevereiro De 2023,1
Senador Canedo,Fevereiro De 2024,1
Senador Canedo,Janeiro De 2022,3
Senador Canedo,Janeiro De 2023,2
Senador Canedo,Janeiro De 2024,2
Senador Canedo,Julho De 2022,6
Senador Canedo,Julho De 2023,4
Senador Canedo,Junho De 2021,2
Senador Canedo,Junho De 2022,4
Senador Canedo,Junho De 2023,3
Senador Canedo,Junho De 2024,2
Senador Canedo,Maio De 2021,2
Senador Canedo,Maio De 2022,2
Senador Canedo,Maio De 2023,5
Senador Canedo,Maio De 2024,3
Senador Canedo,Março De 2021,3
Senador Canedo,Março De 2022,8
Senador Canedo,Março De 2023,1
Senador Canedo,Março De 2024,2
Senador Canedo,Novembro De 2021,1
Senador Canedo,Novembro De 2022,3
Senador Canedo,Novembro De 2023,5
Senador Canedo,Outubro De 2021,3
Senador Canedo,Outubro De 2022,2
Senador Canedo,Outubro De 2023,4
Senador Canedo,Setembro De 2021,4
Senador Canedo,Setembro De 2023,1
Serranópolis,Agosto De 2023,1
Serranópolis,Dezembro De 2023,1
Serranópolis,Novembro De 2022,1
Serranópolis,Setembro De 2022,1
Silvânia,Abril De 2024,2
Silvânia,Fevereiro De 2021,1
Silvânia,Fevereiro De 2022,1
Silvânia,Junho De 2022,1
Silvânia,Maio De 2023,1
Silvânia,Março De 2021,1
Silvânia,Março De 2022,2
Silvânia,Março De 2023,2
Silvânia,Outubro De 2022,1
Simolândia,Abril De 2024,1
Simolândia,Julho De 2022,1
Simolândia,Novembro De 2021,1
Simolândia,Novembro De 2022,1
Simolândia,Setembro De 2022,1
São Domingos,Dezembro De 2022,1
São Domingos,Fevereiro De 2024,1
São Domingos,Janeiro De 2024,3
São Francisco de Goiás,Abril De 2023,1
São Francisco de Goiás,Julho De 2021,1
São Francisco de Goiás,Maio De 2024,1
São Francisco de Goiás,Outubro De 2023,1
São Francisco de Goiás,Setembro De 2022,1
São João da Paraúna,Outubro De 2021,1
São Luís de Montes Belos,Abril De 2022,2
São Luís de Montes Belos,Abril De 2023,3
São Luís de Montes Belos,Agosto De 2022,2
São Luís de Montes Belos,Dezembro De 2023,2
São Luís de Montes Belos,Fevereiro De 2023,1
São Luís de Montes Belos,Fevereiro De 2024,2
São Luís de Montes Belos,Janeiro De 2024,2
São Luís de Montes Belos,Maio De 2021,2
São Luís de Montes Belos,Maio De 2023,2
São Luís de Montes Belos,Março De 2023,1
São Luís de Montes Belos,Março De 2024,3
São Luís de Montes Belos,Novembro De 2021,1
São Luís de Montes Belos,Outubro De 2021,2
São Luís de Montes Belos,Setembro De 2022,1
São Luís de Montes Belos,Setembro De 2023,3
São Luíz do Norte,Abril De 2024,1
São Luíz do Norte,Agosto De 2022,2
São Miguel do Araguaia,Abril De 2022,1
São Miguel do Araguaia,Dezembro De 2023,1
São Miguel do Araguaia,Fevereiro De 2021,1
São Miguel do Araguaia,Fevereiro De 2024,1
São Miguel do Araguaia,Janeiro De 2023,2
São Miguel do Araguaia,Janeiro De 2024,1
São Miguel do Araguaia,Junho De 2021,1
São Miguel do Araguaia,Junho De 2024,1
São Miguel do Araguaia,Maio De 2023,1
São Miguel do Araguaia,Março De 2021,1
São Miguel do Araguaia,Março De 2023,1
São Miguel do Araguaia,Novembro De 2021,1
São Miguel do Araguaia,Outubro De 2021,1
São Miguel do Araguaia,Setembro De 2023,1
São Miguel do Passa Quatro,Março De 2024,1
São Patrício,Junho De 2022,1
São Simão,Março De 2021,1
São Simão,Novembro De 2021,1
São Simão,Novembro De 2023,1
Teresina de Goiás,Agosto De 2021,1
Teresina de Goiás,Janeiro De 2021,1
Teresina de Goiás,Julho De 2022,1
Terezópolis de Goiás,Abril De 2021,1
Terezópolis de Goiás,Junho De 2022,1
Terezópolis de Goiás,Junho De 2023,1
Trindade,Abril De 2021,1
Trindade,Abril De 2022,3
Trindade,Abril De 2023,1
Trindade,Abril De 2024,1
Trindade,Agosto De 2021,1
Trindade,Agosto De 2022,4
Trindade,Agosto De 2023,3
Trindade,Dezembro De 2021,1
Trindade,Dezembro De 2022,2
Trindade,Fevereiro De 2021,4
Trindade,Fevereiro De 2022,2
Trindade,Fevereiro De 2023,1
Trindade,Fevereiro De 2024,4
Trindade,Janeiro De 2021,5
Trindade,Janeiro De 2022,2
Trindade,Janeiro De 2023,3
Trindade,Janeiro De 2024,3
Trindade,Julho De 2021,1
Trindade,Julho De 2022,1
Trindade,Julho De 2023,3
Trindade,Junho De 2022,3
Trindade,Junho De 2023,3
Trindade,Junho De 2024,1
Trindade,Maio De 2021,1
Trindade,Maio De 2022,1
Trindade,Maio De 2023,1
Trindade,Maio De 2024,3
Trindade,Março De 2021,3
Trindade,Março De 2023,3
Trindade,Março De 2024,1
Trindade,Novembro De 2022,1
Trindade,Novembro De 2023,2
Trindade,Outubro De 2021,1
Trindade,Outubro De 2022,2
Trindade,Outubro De 2023,4
Trindade,Setembro De 2021,3
Trindade,Setembro De 2022,1
Trindade,Setembro De 2023,3
Trombas,Janeiro De 2021,1
Três Ranchos,Abril De 2021,1
Turvelândia,Junho De 2023,1
Turvelândia,Março De 2022,1
Turvânia,Dezembro De 2023,1
Turvânia,Julho De 2023,1
Turvânia,Maio De 2022,1
Uruana,Dezembro De 2021,1
Uruana,Outubro De 2022,1
Uruana,Setembro De 2023,1
Uruaçu,Agosto De 2021,1
Uruaçu,Dezembro De 2021,1
Uruaçu,Fevereiro De 2022,1
Uruaçu,Fevereiro De 2023,1
Uruaçu,Fevereiro De 2024,2
Uruaçu,Janeiro De 2021,1
Uruaçu,Janeiro De 2023,1
Uruaçu,Junho De 2022,1
Uruaçu,Junho De 2024,1
Uruaçu,Março De 2022,1
Uruaçu,Março De 2024,1
Uruaçu,Novembro De 2021,2
Uruaçu,Setembro De 2022,2
Uruaçu,Setembro De 2023,1
Valparaíso de Goiás,Abril De 2022,1
Valparaíso de Goiás,Agosto De 2021,1
Valparaíso de Goiás,Agosto De 2022,1
Valparaíso de Goiás,Dezembro De 2021,3
Valparaíso de Goiás,Dezembro De 2022,1
Valparaíso de Goiás,Fevereiro De 2021,2
Valparaíso de Goiás,Fevereiro De 2023,1
Valparaíso de Goiás,Janeiro De 2021,1
Valparaíso de Goiás,Julho De 2021,3
Valparaíso de Goiás,Julho De 2022,1
Valparaíso de Goiás,Junho De 2021,2
Valparaíso de Goiás,Junho De 2022,1
Valparaíso de Goiás,Maio De 2021,2
Valparaíso de Goiás,Maio De 2022,2
Valparaíso de Goiás,Maio De 2023,1
Valparaíso de Goiás,Março De 2021,1
Valparaíso de Goiás,Novembro De 2022,1
Valparaíso de Goiás,Outubro De 2021,2
Valparaíso de Goiás,Outubro De 2022,2
Valparaíso de Goiás,Setembro De 2022,1
Valparaíso de Goiás,Setembro De 2023,1
Varjão,Março De 2023,1
Varjão,Outubro De 2021,1
Vianópolis,Agosto De 2023,1
Vianópolis,Maio De 2023,1
Vicentinópolis,Dezembro De 2023,1
Vicentinópolis,Janeiro De 2022,1
Vicentinópolis,Maio De 2021,1
Vila Boa,Junho De 2023,1
Vila Boa,Maio De 2023,1
Vila Boa,Maio De 2024,1
Águas Lindas de Goiás,Abril De 2021,1
Águas Lindas de Goiás,Abril De 2022,1
Águas Lindas de Goiás,Abril De 2023,3
Águas Lindas de Goiás,Abril De 2024,1
Águas Lindas de Goiás,Agosto De 2021,1
Águas Lindas de Goiás,Agosto De 2022,3
Águas Lindas de Goiás,Agosto De 2023,2
Águas Lindas de Goiás,Dezembro De 2021,2
Águas Lindas de Goiás,Dezembro De 2022,1
Águas Lindas de Goiás,Dezembro De 2023,2
Águas Lindas de Goiás,Fevereiro De 2021,1
Águas Lindas de Goiás,Fevereiro De 2023,3
Águas Lindas de Goiás,Fevereiro De 2024,1
Águas Lindas de Goiás,Janeiro De 2023,1
Águas Lindas de Goiás,Julho De 2021,2
Águas Lindas de Goiás,Julho De 2023,2
Águas Lindas de Goiás,Junho De 2021,2
Águas Lindas de Goiás,Junho De 2022,1
Águas Lindas de Goiás,Junho De 2024,1
Águas Lindas de Goiás,Maio De 2021,1
Águas Lindas de Goiás,Maio De 2023,3
Águas Lindas de Goiás,Maio De 2024,4
Águas Lindas de Goiás,Março De 2021,2
Águas Lindas de Goiás,Março De 2022,2
Águas Lindas de Goiás,Março De 2023,2
Águas Lindas de Goiás,Março De 2024,1
Águas Lindas de Goiás,Novembro De 2022,3
Águas Lindas de Goiás,Novembro De 2023,1
Águas Lindas de Goiás,Outubro De 2022,2
Águas Lindas de Goiás,Setembro De 2021,1
Águas Lindas de Goiás,Setembro De 2022,2
